{
    // Use o IntelliSense para saber mais sobre os atributos possíveis.
    // Focalizar para exibir as descrições dos atributos existentes.
    // Para obter mais informações, acesse: https://go.microsoft.com/fwlink/?linkid=830387
    "version": "0.2.0",
    "configurations": [
        {
            "type": "chrome",
            "request": "launch",
            "name": "Iniciar o Chrome em relação a localhost",
            "url": "http://localhost:8080",
            "webRoot": "${workspaceFolder}"
        }
    ]
}